INSERT INTO support_topics (id, name_, description)
VALUES
    (1, 'IT-Sicherheit Grundlagen', 'Einführung in die Grundlagen der IT-Sicherheit, einschließlich wichtiger Konzepte und Begriffe.'),
    (2, 'Cybersecurity', 'Schutz von Computersystemen und Netzwerken vor digitalen Bedrohungen und Angriffen.'),
    (3, 'Sicherheitskonzepte', 'Entwicklung und Implementierung von Konzepten zur Gewährleistung der Systemsicherheit.'),
    (4, 'Best Practices', 'Bewährte Methoden und Ansätze zur Verbesserung der IT-Sicherheit.'),
    (5, 'Cyberbedrohungen', 'Übersicht über die häufigsten Arten von Cyberbedrohungen und deren Auswirkungen.'),
    (6, 'Abwehrstrategien', 'Strategien zur Prävention und Bekämpfung von Cyberangriffen.'),
    (7, 'IT-Risiken', 'Analyse und Bewertung potenzieller Risiken in der IT-Infrastruktur.'),
    (8, 'Bedrohungserkennung', 'Methoden zur frühzeitigen Erkennung von Bedrohungen in IT-Systemen.'),
    (9, 'Sicherheitsmaßnahmen', 'Maßnahmen zur Sicherstellung der IT-Sicherheit und des Datenschutzes.'),
    (10, 'Cloud-Sicherheit', 'Schutz von Daten und Anwendungen in Cloud-Umgebungen.'),
    (11, 'Datenverschlüsselung', 'Techniken zur sicheren Verschlüsselung von Daten während der Übertragung und Speicherung.'),
    (12, 'Zugriffsmanagement', 'Regelung und Kontrolle des Zugriffs auf IT-Ressourcen.'),
    (13, 'Sicherheitsprotokolle', 'Verwendung von Protokollen zur sicheren Kommunikation und Datenübertragung.'),
    (14, 'Cloud-Computing', 'Bereitstellung und Nutzung von IT-Ressourcen über das Internet.'),
    (15, 'Sicherheitsbewusstsein', 'Schulungen und Maßnahmen zur Sensibilisierung der Mitarbeiter für IT-Sicherheit.'),
    (16, 'Phishing-Erkennung', 'Techniken zur Identifikation und Vermeidung von Phishing-Angriffen.'),
    (17, 'Passwortsicherheit', 'Best Practices zur Erstellung und Verwaltung sicherer Passwörter.'),
    (18, 'Cyberhygiene', 'Richtlinien und Gewohnheiten zur Förderung der IT-Sicherheit im Alltag.'),
    (19, 'Mitarbeitertraining', 'Schulungen zur Stärkung der Sicherheitskompetenz von Mitarbeitern.'),
    (20, 'Mobile Sicherheit', 'Schutz von mobilen Geräten vor Cyberbedrohungen und Datenverlust.'),
    (21, 'Geräteschutz', 'Maßnahmen zur Sicherung von Hardware vor physischen und digitalen Gefahren.'),
    (22, 'Netzwerksicherheit', 'Schutz von Netzwerken vor unerlaubtem Zugriff und Bedrohungen.'),
    (23, 'Endgerätemanagement', 'Verwaltung und Sicherung von Endgeräten in einem Netzwerk.'),
    (24, 'Firewall-Konfiguration', 'Einrichtung und Optimierung von Firewalls zum Schutz des Netzwerks.'),
    (25, 'Netzwerküberwachung', 'Überwachung des Datenverkehrs zur Identifikation von Anomalien.'),
    (26, 'Zugriffskontrolle', 'Regelung und Überprüfung des Zugriffs auf IT-Systeme und Daten.'),
    (27, 'Datenverkehrsanalyse', 'Analyse des Netzwerkverkehrs zur Identifikation potenzieller Bedrohungen.'),
    (28, 'Datensicherheit', 'Schutz sensibler Daten vor Verlust, Diebstahl oder Manipulation.'),
    (29, 'Datensicherung', 'Erstellung von Backups zur Vermeidung von Datenverlust.'),
    (30, 'Datenintegrität', 'Sicherstellung der Genauigkeit und Zuverlässigkeit von Daten.'),
    (31, 'Backups', 'Regelmäßige Sicherung von Daten zur Wiederherstellung im Notfall.'),
    (32, 'Datenwiederherstellung', 'Prozesse zur Wiederherstellung von Daten nach einem Verlust oder Angriff.'),
    (33, 'Notfallplanung', 'Planung von Maßnahmen zur Sicherstellung der Geschäftskontinuität im Krisenfall.'),
    (34, 'Incident Response', 'Reaktionspläne zur schnellen Bewältigung von Sicherheitsvorfällen.'),
    (35, 'Business Continuity', 'Strategien zur Sicherstellung des Geschäftsbetriebs während und nach einer Krise.'),
    (36, 'Cyberangriffe', 'Überblick über gängige Methoden und Auswirkungen von Cyberangriffen.'),
    (37, 'Krisenmanagement', 'Bewältigung von IT-Krisen zur Minimierung von Schäden und Wiederherstellung der Systeme.'),
    (38, 'E-Mail-Sicherheit', 'Schutz von E-Mail-Kommunikation vor Bedrohungen wie Phishing und Malware.'),
    (39, 'Phishing-Abwehr', 'Maßnahmen zur Verhinderung von Phishing-Angriffen.'),
    (40, 'E-Mail-Verschlüsselung', 'Verschlüsselung von E-Mails zur Sicherstellung der Vertraulichkeit.'),
    (41, 'Sichere Kommunikation', 'Strategien und Technologien zur sicheren Übertragung von Informationen.'),
    (42, 'Spam-Filter', 'Tools zur Erkennung und Blockierung unerwünschter E-Mails.'),
    (43, 'Zertifizierung', 'Verfahren zur Bestätigung der Einhaltung von Sicherheitsstandards.'),
    (44, 'Compliance', 'Sicherstellung der Einhaltung gesetzlicher und regulatorischer Anforderungen.'),
    (45, 'Sicherheitsstandards', 'Definition und Implementierung von Standards zur IT-Sicherheit.'),
    (46, 'Auditvorbereitung', 'Vorbereitung auf Audits zur Überprüfung von Sicherheitsmaßnahmen.'),
    (47, 'IT-Richtlinien', 'Festlegung von Regeln und Verfahren zur Verwaltung der IT.'),
    (48, 'Software-Sicherheit', 'Schutz von Software vor Schwachstellen und Angriffen.'),
    (49, 'Sicherheitsupdates', 'Regelmäßige Aktualisierung von Software zur Schließung von Sicherheitslücken.'),
    (50, 'Viren- und Malware-Schutz', 'Technologien und Maßnahmen zur Verhinderung von Viren- und Malware-Infektionen.'),
    (51, 'Sichere Installation', 'Methoden zur sicheren Installation von Software und Systemen.'),
    (52, 'Anwendungssicherheit', 'Schutz von Anwendungen vor Angriffen und Schwachstellen.'),
    (53, 'IoT-Sicherheit', 'Sicherung von Geräten und Netzwerken im Internet der Dinge.'),
    (54, 'Geräteverwaltung', 'Verwaltung und Sicherung von Geräten in IT-Systemen.'),
    (55, 'Netzwerkisolierung', 'Maßnahmen zur Trennung und Sicherung von Netzwerksegmenten.'),
    (56, 'Zwei-Faktor-Authentifizierung', 'Zusätzliche Sicherheitsstufe durch zweite Authentifizierungsmethode.'),
    (57, 'Passwort-Manager', 'Tools zur sicheren Verwaltung von Passwörtern.'),
    (58, 'Sichere Passwörter', 'Best Practices zur Erstellung starker und sicherer Passwörter.'),
    (59, 'Passwortrichtlinien', 'Regeln zur sicheren Erstellung und Verwaltung von Passwörtern.'),
    (60, 'VPN-Nutzung', 'Verwendung virtueller privater Netzwerke zur sicheren Verbindung.'),
    (61, 'Sichere Protokolle', 'Einsatz von Protokollen zur sicheren Kommunikation.'),
    (62, 'Datenschutz', 'Schutz personenbezogener Daten vor Missbrauch und unbefugtem Zugriff.'),
    (63, 'Übertragungssicherheit', 'Sicherstellung der Vertraulichkeit und Integrität bei der Datenübertragung.'),
    (64, 'Sicherheitsstrategien', 'Entwicklung von Strategien zur Verbesserung der IT-Sicherheit.'),
    (65, 'Risikomanagement', 'Identifikation und Management von IT-Risiken.'),
    (66, 'Führungskräfte-Schulung', 'Schulungen für Führungskräfte zur Förderung der IT-Sicherheit.'),
    (67, 'IT-Governance', 'Richtlinien und Verfahren zur Steuerung und Kontrolle der IT.'),
    (68, 'Aktuelle Bedrohungen', 'Überblick über aktuelle Cyber-Bedrohungen und deren Entwicklung.'),
    (69, 'Abwehrmaßnahmen', 'Maßnahmen zur Prävention und Bekämpfung von Angriffen.'),
    (70, 'Bedrohungslandschaft', 'Analyse und Beschreibung der aktuellen Bedrohungssituation.'),
    (71, 'Social Media Sicherheit', 'Schutz persönlicher und geschäftlicher Daten in sozialen Medien.'),
    (72, 'Social Engineering', 'Erkennung und Verhinderung von Angriffen durch menschliche Manipulation.'),
    (73, 'Privatsphäre-Einstellungen', 'Konfiguration von Einstellungen zum Schutz der Privatsphäre.'),
    (74, 'Online-Sicherheit', 'Maßnahmen zur sicheren Nutzung des Internets.'),
    (75, 'DSGVO', 'Grundsätze und Anforderungen der Datenschutz-Grundverordnung.'),
    (76, 'Datenmanagement', 'Effiziente und sichere Verwaltung von Datenbeständen.'),
    (77, 'Datenschutzrichtlinien', 'Regeln und Verfahren zum Schutz personenbezogener Daten.'),
    (78, 'IT-Infrastruktur', 'Planung und Verwaltung von IT-Ressourcen und -Systemen.'),
    (79, 'Systemhärtung', 'Maßnahmen zur Reduzierung von Sicherheitsrisiken in Systemen.'),
    (80, 'Architekturplanung', 'Entwicklung sicherer IT-Architekturen.'),
    (81, 'Remote-Arbeitsplätze', 'Sicherheitslösungen für das Arbeiten von entfernten Standorten.'),
    (82, 'VPN-Sicherheit', 'Sicherstellung der Sicherheit bei der Nutzung virtueller privater Netzwerke.'),
    (83, 'Sicherer Zugriff', 'Methoden zur Gewährleistung eines geschützten Zugriffs auf IT-Systeme.'),
    (84, 'Home Office', 'Sicherheitsrichtlinien und Technologien für das Arbeiten von zu Hause.'),
    (85, 'Remote-Sicherheit', 'Schutz von Daten und Systemen in entfernten Arbeitsumgebungen.'),
    (86, 'IT-Sicherheit', 'Umfassende Maßnahmen und Konzepte zur Sicherung der Informationstechnik.'),
    (87, 'Schutzmaßnahmen', 'Strategien und Technologien zum Schutz von IT-Ressourcen.'),
    (88, 'Infrastruktur Optimierung', 'Optimierung der IT-Infrastruktur zur Verbesserung der Leistung und Sicherheit.'),
    (89, 'Infrastruktur Analyse', 'Bewertung und Überprüfung der IT-Infrastruktur auf Schwachstellen.'),
    (90, 'Zugriffssteuerung', 'Regelung und Verwaltung des Zugriffs auf Systeme und Daten.'),
    (91, 'Verschlüsselung', 'Techniken zur Sicherung von Informationen durch Verschlüsselung.'),
    (92, 'Sicherheitscheck', 'Überprüfung von IT-Systemen auf Einhaltung von Sicherheitsstandards.'),
    (93, 'Risikobewertung', 'Analyse von Risiken und deren Auswirkungen auf die IT-Sicherheit.'),
    (94, 'Schwachstellenanalyse', 'Identifikation und Bewertung von Schwachstellen in Systemen.'),
    (95, 'Systemprüfung', 'Überprüfung von IT-Systemen auf Leistung und Sicherheit.'),
    (96, 'Firewalls', 'Einsatz von Firewalls zur Überwachung und Sicherung des Netzwerks.'),
    (97, 'Intrusion Detection', 'Systeme zur Erkennung und Verhinderung unbefugter Zugriffe.'),
    (98, 'Backup-Strategien', 'Entwicklung von Strategien zur Sicherung von Daten.'),
    (99, 'Speichersysteme', 'Verwaltung und Sicherung von Datenspeichern in der IT.'),
    (100, 'Cyber-Versicherung', 'Versicherungsschutz gegen Schäden durch Cyberangriffe.'),
    (101, 'Versicherungsdeckung', 'Abdeckung von Risiken durch spezielle IT-Versicherungen.'),
    (102, 'Schadenmanagement', 'Bearbeitung und Minimierung von Schäden nach Sicherheitsvorfällen.'),
    (103, 'Notfallstrategien', 'Planung von Maßnahmen zur Bewältigung von IT-Notfällen.'),
    (104, 'Sicherheitssoftware', 'Softwarelösungen zur Verbesserung der IT-Sicherheit.'),
    (105, 'Antivirus', 'Programme zur Erkennung und Beseitigung von Computerviren.'),
    (106, 'Malware-Schutz', 'Technologien zum Schutz vor bösartiger Software.'),
    (107, 'Sicherheitslösungen', 'Umfassende Tools und Konzepte zur Sicherstellung der IT-Sicherheit.'),
    (108, 'Software-Implementierung', 'Einsatz und Anpassung von Software in bestehenden IT-Strukturen.'),
    (109, 'Penetrationstests', 'Simulierte Angriffe zur Überprüfung der Systemsicherheit.'),
    (110, 'Angriffssimulation', 'Simulation von Cyberangriffen zur Verbesserung der Abwehrstrategien.'),
    (111, 'Sicherheitslücken', 'Identifikation von Schwächen in der IT-Infrastruktur.'),
    (112, 'IT-Systeme', 'Komplexe Netzwerke und Geräte, die IT-Dienste bereitstellen.'),
    (113, 'Datenübertragung', 'Sicherer Austausch von Daten zwischen verschiedenen Systemen.'),
    (114, 'Kommunikationssicherheit', 'Schutz von Nachrichten und Daten während der Kommunikation.'),
    (115, 'IT-Sicherheitsrichtlinien', 'Regeln und Vorschriften zur Einhaltung der IT-Sicherheit.'),
    (116, 'Richtlinienentwicklung', 'Entwicklung und Implementierung von Sicherheitsrichtlinien.'),
    (117, 'Implementierung', 'Einsatz neuer Systeme und Prozesse zur Verbesserung der IT-Sicherheit.'),
    (118, 'Passwortverwaltung', 'Effiziente Verwaltung von Passwörtern zur Verbesserung der Sicherheit.'),
    (119, 'Bedrohungsanalyse', 'Analyse von potenziellen Bedrohungen und deren Auswirkungen.'),
    (120, 'Cyber-Bedrohungen', 'Überblick über aktuelle Gefahren in der digitalen Welt.');

INSERT INTO support_providers (id, name_, contact_person, street, street_number, location_id, address_details, phone, mail, website, description)
VALUES
    (1, 'Handwerksnetzwerk für IT-Schutz (HNIS)', 'Gabriele Fischer', 'IT-Weg', '2', '1', '', '+49 761 34567890', 'info@hnisch.de', 'https://www.hnisch.de', 'Das HNIS ist ein Netzwerk von IT-Sicherheitsexperten, die Handwerksbetriebe bei der Sicherung ihrer digitalen Infrastrukturen unterstützen. Wir bieten Schulungen, Workshops und Beratungsdienste, um die IT-Sicherheit zu erhöhen.'),
    (2, 'Regionalverband für IT-Sicherheit im Handwerk (RVISH)', 'Dorothea Braun', 'Sicherheitsweg', '22', '1', '', '+49 611 34567890', 'service@rvish.de', 'https://www.rvish.de', 'Der RVISH unterstützt Handwerksbetriebe in der Region bei der Umsetzung von IT-Sicherheitsmaßnahmen. Wir bieten praxisnahe Schulungen und individuelle Beratungen, um die Betriebe vor Cyberrisiken zu schützen.'),
    (3, 'Akademie für Cyber-Sicherheit im Handwerk (ACSH)', 'Sabine Klein', 'Cyberstraße', '12', '1', '', '+49 211 23456789', 'kontakt@acsh.de', 'https://www.acsh.de', 'Die ACSH bietet spezialisierte Bildungsprogramme im Bereich Cyber-Sicherheit für Handwerksunternehmen an. Unsere Kurse decken Grundlagen bis hin zu fortgeschrittenen Sicherheitsmaßnahmen ab, um umfassenden Schutz zu gewährleisten.'),
    (4, 'IT-Sicherheit für Handwerksbetriebe e.V.', 'Michael Bauer', 'Beispielstraße', '5', '1', '', '+49 89 34567890', 'info@itsh-handwerk.de', 'https://www.itsh-handwerk.de', 'Dieser Verein konzentriert sich auf die Aufklärung und Schulung von Handwerksbetrieben im Bereich IT-Sicherheit. Wir unterstützen unsere Mitglieder mit praktischen Tipps und individuellen Beratungen, um ihre digitalen Prozesse sicher zu gestalten.'),
    (5, 'Netzwerk IT-Sicherheit im Handwerk (NISH)', 'Klaus Meier', 'Technologiepark', '8', '1', '', '+49 711 67890123', 'info@nish.de', 'https://www.nish.de', 'Das NISH ist ein Zusammenschluss von Experten, die Handwerksbetriebe in IT-Sicherheitsfragen unterstützen. Wir organisieren Workshops und Seminare, um das Sicherheitsbewusstsein und die Fähigkeiten im Handwerk zu stärken.'),
    (6, 'Bundesstelle für Handwerks-IT-Schutz (BHITS)', 'Lars Becker', 'Hauptweg', '20', '1', '', '+49 69 56789012', 'kontakt@bhits.de', 'https://www.bhits.de', 'Die BHITS ist eine bundesweite Einrichtung, die sich der IT-Sicherheit im Handwerk widmet. Wir bieten Schulungen, Notfallunterstützung und regelmäßige Sicherheitsprüfungen an, um Betriebe vor Cyberangriffen zu schützen.'),
    (7, 'Deutsche Gesellschaft für Handwerks-IT-Sicherheit (DGHITS)', 'Bernhard Neumann', 'Gewerbestraße', '30', '1', '', '+49 821 23456789', 'info@dghits.de', 'https://www.dghits.de', 'Die DGHITS ist eine Gesellschaft, die sich auf die Förderung der IT-Sicherheit im Handwerk spezialisiert hat. Wir bieten umfassende Schulungen, Beratungen und Informationskampagnen zur Stärkung der digitalen Sicherheit.'),
    (8, 'Verein für Cybersicherheit im Handwerk (VCH)', 'Monika Schulz', 'Cyberweg', '14', '1', '', '+49 201 34567890', 'kontakt@vch.de', 'https://www.vch.de', 'Der VCH engagiert sich für die Verbesserung der Cybersicherheit in Handwerksbetrieben. Wir bieten praxisorientierte Schulungen und Informationsmaterialien, um Betriebe bei der Sicherung ihrer IT-Systeme zu unterstützen.'),
    (9, 'Verband für Digitale Handwerkssicherheit (VDHS)', 'Anna Schmidt', 'Musterweg', '10', '1', '', '+49 40 23456789', 'kontakt@vdhs.de', 'https://www.vdhs.de', 'Der VDHS setzt sich für die Förderung der IT-Sicherheit im Handwerkssektor ein. Wir bieten unseren Mitgliedern umfassende Schulungsprogramme und regelmäßige Informationsveranstaltungen zu aktuellen Sicherheitsthemen.'),
    (10, 'Initiative für Digitale Handwerkssicherheit (IDHS)', 'Hans-Peter Becker', 'Digitale Straße', '13', '1', '', '+49 721 23456789', 'info@idhs.de', 'https://www.idhs.de', 'Die IDHS fördert die IT-Sicherheit im Handwerk durch gezielte Aufklärung und Schulungsangebote. Wir helfen Betrieben, sichere digitale Praktiken zu entwickeln und ihre Systeme vor Angriffen zu schützen.'),
    (11, 'Handwerksrat für Cyberschutz und Sicherheit (HCS)', 'Jürgen Bauer', 'Cyberschutzallee', '18', '2', '', '+49 351 23456789', 'service@hcs.de', 'https://www.hcs.de', 'Der HCS berät Handwerksbetriebe in allen Fragen der Cybersicherheit. Wir bieten maßgeschneiderte Schulungen und Unterstützung bei der Implementierung von Sicherheitsmaßnahmen, um Betriebe vor Cyberbedrohungen zu schützen.'),
    (12, 'Handwerkskammer für Digitale Sicherheit (HKDS)', 'Daniela Weber', 'Marktplatz', '1', '2', '', '+49 341 23456789', 'service@hkds.de', 'https://www.hkds.de', 'Die HKDS unterstützt Handwerksbetriebe dabei, ihre digitalen Systeme sicher zu gestalten. Unsere Schulungen und Informationskampagnen zielen darauf ab, das Bewusstsein und die Kompetenz im Bereich IT-Sicherheit zu erhöhen.'),
    (13, 'Zentrum für IT-Sicherheit und Handwerk (ZITH)', 'Thomas Krause', 'Sicherheitsstraße', '6', '2', '', '+49 421 4567890', 'kontakt@zith.de', 'https://www.zith.de', 'Das ZITH bietet umfassende Beratungs- und Schulungsangebote zur IT-Sicherheit für Handwerksbetriebe. Wir setzen uns dafür ein, Betriebe gegen Cyberbedrohungen zu wappnen und sichere digitale Arbeitsumgebungen zu schaffen.'),
    (14, 'Kompetenzzentrum IT-Sicherheit im Handwerk (KITSH)', 'Christine Lange', 'Schutzweg', '4', '2', '', '+49 911 34567890', 'kontakt@kitsh.de', 'https://www.kitsh.de', 'Das KITSH bietet Handwerksbetrieben fundierte Schulungen und Beratungen zur IT-Sicherheit an. Unser Ziel ist es, die Widerstandsfähigkeit gegen Cyberangriffe zu erhöhen und sichere digitale Prozesse zu etablieren.'),
    (15, 'Handwerksverband für IT- und Datensicherheit (HVID)', 'Stefan Koch', 'Datenschutzstraße', '9', '2', '', '+49 228 23456789', 'service@hvid.de', 'https://www.hvid.de', 'Der HVID ist ein Verband, der sich auf die IT- und Datensicherheit im Handwerkssektor spezialisiert hat. Unsere Schulungen und Beratungsdienste helfen Betrieben, sichere und gesetzeskonforme IT-Infrastrukturen aufzubauen.'),
    (16, 'Handwerks IT-Sicherheitsakademie (HITSA)', 'Max Müller', 'Hauptstraße', '15', '2', '', '+49 30 12345678', 'info@hitsa.de', 'https://www.hitsa.de', 'Die HITSA bietet praxisnahe Schulungen und Workshops speziell für Handwerksbetriebe an, um deren IT-Sicherheitskenntnisse zu verbessern. Unser Ziel ist es, die digitale Sicherheit im Handwerk zu stärken und vor Cyberbedrohungen zu schützen.'),
    (17, 'Arbeitsgemeinschaft IT-Sicherheit im Handwerk (AGISH)', 'Carla Hoffmann', 'Handwerkerstraße', '21', '2', '', '+49 621 34567890', 'kontakt@agish.de', 'https://www.agish.de', 'Die AGISH ist eine Arbeitsgemeinschaft, die sich der IT-Sicherheit in Handwerksbetrieben widmet. Wir bieten Schulungen und Austauschmöglichkeiten, um das Sicherheitsniveau im Handwerk kontinuierlich zu verbessern.'),
    (18, 'Institut für IT-Sicherheit im Handwerkswesen (IITSH)', 'Ralf Fischer', 'Schulweg', '7', '2', '', '+49 511 34567890', 'info@iitsh.de', 'https://www.iitsh.de', 'Das IITSH forscht und bildet im Bereich IT-Sicherheit für Handwerksbetriebe aus. Wir bieten praxisorientierte Schulungen und individuelle Beratungsdienste, um die Sicherheit der digitalen Infrastrukturen zu verbessern.'),
    (19, 'Allianz für Sichere Handwerksbetriebe (ASH)', 'Uwe Hoffmann', 'Handwerksweg', '11', '2', '', '+49 231 23456789', 'info@ash.de', 'https://www.ash.de', 'Die ASH ist eine Initiative zur Förderung der IT-Sicherheit im Handwerk. Wir bieten Schulungen, Webinare und individuelle Sicherheitsberatungen, um Handwerksbetriebe vor digitalen Risiken zu schützen.'),
    (20, 'Handwerksinnung für IT-Sicherheit und Datenschutz (HID)', 'Petra Wagner', 'Musterallee', '3', '2', '', '+49 221 4567890', 'service@hid.de', 'https://www.hid.de', 'Die HID ist eine spezialisierte Innung, die Handwerksbetriebe in Fragen der IT-Sicherheit und des Datenschutzes berät. Unsere Experten bieten maßgeschneiderte Schulungen und unterstützen bei der Implementierung sicherer IT-Strukturen.');

INSERT INTO support_offers (id, name_, description, type)
VALUES
    (1, 'Grundlagen der IT-Sicherheit für Handwerksbetriebe', 'Einführungsseminar zur IT-Sicherheit, das grundlegende Konzepte und Best Practices für Handwerksbetriebe vermittelt.', 'TRAINING'),
    (2, 'Cyber-Sicherheits-Workshop', 'Intensiv-Workshop zur Identifikation und Abwehr von Cyberbedrohungen speziell für kleine und mittelständische Handwerksbetriebe.', 'TRAINING'),
    (3, 'Schulung zur sicheren Nutzung von Cloud-Diensten', 'Schulung zur sicheren Implementierung und Nutzung von Cloud-Diensten in Handwerksbetrieben.', 'TRAINING'),
    (4, 'Mitarbeiterschulung zur IT-Sicherheit', 'Schulung für alle Mitarbeiter eines Handwerksbetriebs zur Erhöhung des Sicherheitsbewusstseins im täglichen Umgang mit IT.', 'TRAINING'),
    (5, 'IT-Sicherheit für mobile Endgeräte', 'Kurs zur sicheren Nutzung und Verwaltung von mobilen Endgeräten wie Smartphones und Tablets im Handwerksbetrieb.', 'TRAINING'),
    (6, 'Netzwerksicherheit im Handwerk', 'Schulung zur Einrichtung und Pflege sicherer Netzwerke in Handwerksbetrieben.', 'TRAINING'),
    (7, 'Grundlagen der Datensicherheit', 'Seminar zur sicheren Speicherung, Verwaltung und Sicherung von Daten in Handwerksbetrieben.', 'TRAINING'),
    (8, 'IT-Notfallmanagement für Handwerksbetriebe', 'Schulung zur Vorbereitung und Reaktion auf IT-Notfälle und Cyberangriffe.', 'TRAINING'),
    (9, 'Schulung zur sicheren E-Mail-Nutzung', 'Kurs zur Vermeidung von Phishing und anderen E-Mail-basierten Bedrohungen.', 'TRAINING'),
    (10, 'Cyber-Sicherheitszertifizierung für Handwerksbetriebe', 'Schulungsprogramm zur Vorbereitung auf eine anerkannte Cyber-Sicherheitszertifizierung.', 'TRAINING'),
    (11, 'Schulung zur sicheren Software-Nutzung', 'Schulung zur sicheren Installation und Nutzung von Software im Handwerksbetrieb.', 'TRAINING'),
    (12, 'Workshop zur Sicherung von IoT-Geräten', 'Workshop zur sicheren Integration und Verwaltung von IoT-Geräten im Handwerksbetrieb.', 'TRAINING'),
    (13, 'Schulung zur Passwortsicherheit', 'Kurs zur Erstellung und Verwaltung sicherer Passwörter und Nutzung von Passwort-Managern.', 'TRAINING'),
    (14, 'Schulung zur sicheren Datenübertragung', 'Kurs zur sicheren Übertragung von Daten über das Internet und andere Netzwerke.', 'TRAINING'),
    (15, 'IT-Sicherheit für Führungskräfte', 'Spezielle Schulung für Führungskräfte, um IT-Sicherheitsstrategien im Handwerksbetrieb zu implementieren.', 'TRAINING'),
    (16, 'Schulung zu aktuellen Cyber-Bedrohungen', 'Update-Kurs zu den neuesten Cyber-Bedrohungen und deren Abwehrmaßnahmen.', 'TRAINING'),
    (17, 'Schulung zur sicheren Nutzung sozialer Medien', 'Kurs zur sicheren Nutzung von sozialen Medien und Vermeidung von Social-Engineering-Angriffen.', 'TRAINING'),
    (18, 'Datenschutz-Grundlagen für Handwerksbetriebe', 'Schulung zur Einhaltung von Datenschutzrichtlinien und -gesetzen im Handwerksbetrieb.', 'TRAINING'),
    (19, 'Schulung zur sicheren IT-Infrastruktur', 'Kurs zur Planung und Implementierung einer sicheren IT-Infrastruktur in Handwerksbetrieben.', 'TRAINING'),
    (20, 'Schulung zur Sicherung von Remote-Arbeitsplätzen', 'Schulung zur sicheren Einrichtung und Nutzung von Remote-Arbeitsplätzen für Handwerksbetriebe.', 'TRAINING'),
    (21, 'IT-Sicherheitsberatung für Handwerksbetriebe', 'Individuelle Beratung zur Verbesserung der IT-Sicherheit in kleinen und mittelständischen Handwerksbetrieben.', 'CONSULTATION'),
    (22, 'Analyse und Verbesserung der IT-Infrastruktur', 'Detaillierte Analyse und Optimierung der bestehenden IT-Infrastruktur in Handwerksbetrieben.', 'CONSULTATION'),
    (23, 'Beratung zur sicheren Cloud-Nutzung', 'Individuelle Beratung zur sicheren Implementierung und Nutzung von Cloud-Diensten.', 'CONSULTATION'),
    (24, 'IT-Sicherheitscheck', 'Umfassender Sicherheitscheck der IT-Systeme und -Prozesse in Handwerksbetrieben.', 'CONSULTATION'),
    (25, 'Beratung zur Netzwerksicherheit', 'Beratung zur Planung, Implementierung und Wartung sicherer Netzwerke.', 'CONSULTATION'),
    (26, 'Beratung zur Datensicherung und -wiederherstellung', 'Beratung zur Implementierung effektiver Datensicherungs- und Wiederherstellungsstrategien.', 'CONSULTATION'),
    (27, 'Beratung zur Cyber-Versicherung', 'Beratung zur Auswahl und Implementierung einer geeigneten Cyber-Versicherung.', 'CONSULTATION'),
    (28, 'Beratung zur IT-Notfallplanung', 'Unterstützung bei der Erstellung und Implementierung eines IT-Notfallplans.', 'CONSULTATION'),
    (29, 'Beratung zur Nutzung von Sicherheitssoftware', 'Beratung zur Auswahl und Implementierung geeigneter Sicherheitssoftwarelösungen.', 'CONSULTATION'),
    (30, 'Penetrationstests für Handwerksbetriebe', 'Durchführung von Penetrationstests, um Sicherheitslücken in IT-Systemen aufzudecken.', 'CONSULTATION'),
    (31, 'Beratung zur sicheren Kommunikation', 'Beratung zur sicheren Kommunikation, inklusive E-Mail-Verschlüsselung und sicherer Datenübertragung.', 'CONSULTATION'),
    (32, 'Beratung zur IT-Sicherheitsrichtlinie', 'Unterstützung bei der Erstellung und Implementierung von IT-Sicherheitsrichtlinien.', 'CONSULTATION'),
    (33, 'Beratung zur sicheren Integration von IoT-Geräten', 'Beratung zur sicheren Integration und Verwaltung von IoT-Geräten im Handwerksbetrieb.', 'CONSULTATION'),
    (34, 'Beratung zur Passwortverwaltung', 'Unterstützung bei der Implementierung sicherer Passwortstrategien und Nutzung von Passwort-Managern.', 'CONSULTATION'),
    (35, 'Beratung zur Einhaltung von Datenschutzrichtlinien', 'Beratung zur Einhaltung von Datenschutzrichtlinien und -gesetzen.', 'CONSULTATION'),
    (36, 'Beratung zur Risikobewertung', 'Durchführung einer umfassenden Risikobewertung und Entwicklung von Sicherheitsstrategien.', 'CONSULTATION'),
    (37, 'Beratung zur sicheren Nutzung von sozialen Medien', 'Beratung zur sicheren Nutzung von sozialen Medien und Vermeidung von Social-Engineering-Angriffen.', 'CONSULTATION'),
    (38, 'Beratung zur sicheren IT-Infrastruktur', 'Unterstützung bei der Planung und Implementierung einer sicheren IT-Infrastruktur.', 'CONSULTATION'),
    (39, 'Beratung zur Sicherung von Remote-Arbeitsplätzen', 'Beratung zur sicheren Einrichtung und Nutzung von Remote-Arbeitsplätzen.', 'CONSULTATION'),
    (40, 'Beratung zur Cyber-Bedrohungsanalyse', 'Detaillierte Analyse aktueller Cyber-Bedrohungen und Entwicklung von Abwehrstrategien.', 'CONSULTATION');

INSERT INTO support_listing (offer_id, provider_id, website)
VALUES
    (1, 1, 'https://www.hnisch.de'),
    (1, 2, 'https://www.rvish.de'),
    (1, 3, 'https://www.acsh.de'),
    (1, 4, 'https://www.itsh-handwerk.de'),
    (2, 2, 'https://www.rvish.de'),
    (2, 5, 'https://www.nish.de'),
    (2, 6, 'https://www.bhits.de'),
    (2, 7, 'https://www.dghits.de'),
    (3, 8, 'https://www.vch.de'),
    (3, 9, 'https://www.vdhs.de'),
    (4, 1, 'https://www.hnisch.de'),
    (4, 10, 'https://www.idhs.de'),
    (4, 11, 'https://www.hcs.de'),
    (5, 4, 'https://www.itsh-handwerk.de'),
    (5, 6, 'https://www.bhits.de'),
    (6, 1, 'https://www.hnisch.de'),
    (6, 8, 'https://www.vch.de'),
    (6, 12, 'https://www.hkds.de'),
    (7, 11, 'https://www.hcs.de'),
    (7, 13, 'https://www.zith.de'),
    (8, 5, 'https://www.nish.de'),
    (8, 6, 'https://www.bhits.de'),
    (9, 6, 'https://www.bhits.de'),
    (9, 8, 'https://www.vch.de'),
    (9, 9, 'https://www.vdhs.de'),
    (9, 14, 'https://www.kitsh.de'),
    (10, 3, 'https://www.acsh.de'),
    (10, 11, 'https://www.hcs.de'),
    (10, 13, 'https://www.zith.de'),
    (10, 15, 'https://www.hvid.de'),
    (11, 2, 'https://www.rvish.de'),
    (11, 5, 'https://www.nish.de'),
    (11, 16, 'https://www.hitsa.de'),
    (12, 4, 'https://www.itsh-handwerk.de'),
    (12, 10, 'https://www.idhs.de'),
    (13, 5, 'https://www.nish.de'),
    (13, 6, 'https://www.bhits.de'),
    (13, 15, 'https://www.hvid.de'),
    (13, 17, 'https://www.agish.de'),
    (14, 2, 'https://www.rvish.de'),
    (14, 6, 'https://www.bhits.de'),
    (14, 9, 'https://www.vdhs.de'),
    (15, 11, 'https://www.hcs.de'),
    (15, 15, 'https://www.hvid.de'),
    (16, 15, 'https://www.hvid.de'),
    (16, 17, 'https://www.agish.de'),
    (17, 5, 'https://www.nish.de'),
    (17, 6, 'https://www.bhits.de'),
    (17, 12, 'https://www.hkds.de'),
    (17, 13, 'https://www.zith.de'),
    (18, 8, 'https://www.vch.de'),
    (18, 15, 'https://www.hvid.de'),
    (19, 2, 'https://www.rvish.de'),
    (19, 17, 'https://www.agish.de'),
    (19, 18, 'https://www.iitsh.de'),
    (20, 7, 'https://www.dghits.de'),
    (20, 13, 'https://www.zith.de'),
    (21, 1, 'https://www.hnisch.de'),
    (21, 3, 'https://www.acsh.de'),
    (21, 9, 'https://www.vdhs.de'),
    (21, 10, 'https://www.idhs.de'),
    (22, 2, 'https://www.rvish.de'),
    (22, 8, 'https://www.vch.de'),
    (22, 9, 'https://www.vdhs.de'),
    (22, 11, 'https://www.hcs.de'),
    (23, 11, 'https://www.hcs.de'),
    (23, 15, 'https://www.hvid.de'),
    (24, 6, 'https://www.bhits.de'),
    (24, 7, 'https://www.dghits.de'),
    (24, 14, 'https://www.kitsh.de'),
    (24, 15, 'https://www.hvid.de'),
    (25, 2, 'https://www.rvish.de'),
    (25, 11, 'https://www.hcs.de'),
    (25, 12, 'https://www.hkds.de'),
    (26, 4, 'https://www.itsh-handwerk.de'),
    (26, 9, 'https://www.vdhs.de'),
    (26, 13, 'https://www.zith.de'),
    (27, 4, 'https://www.itsh-handwerk.de'),
    (27, 11, 'https://www.hcs.de'),
    (28, 2, 'https://www.rvish.de'),
    (28, 14, 'https://www.kitsh.de'),
    (28, 17, 'https://www.agish.de'),
    (29, 3, 'https://www.acsh.de'),
    (29, 4, 'https://www.itsh-handwerk.de'),
    (29, 8, 'https://www.vch.de'),
    (29, 16, 'https://www.hitsa.de'),
    (30, 3, 'https://www.acsh.de'),
    (30, 17, 'https://www.agish.de'),
    (30, 18, 'https://www.iitsh.de'),
    (31, 2, 'https://www.rvish.de'),
    (31, 6, 'https://www.bhits.de'),
    (31, 19, 'https://www.ash.de'),
    (31, 20, 'https://www.hid.de'),
    (32, 3, 'https://www.acsh.de'),
    (32, 20, 'https://www.hid.de'),
    (33, 4, 'https://www.itsh-handwerk.de'),
    (33, 5, 'https://www.nish.de'),
    (33, 6, 'https://www.bhits.de'),
    (33, 10, 'https://www.idhs.de'),
    (34, 1, 'https://www.hnisch.de'),
    (34, 2, 'https://www.rvish.de'),
    (34, 16, 'https://www.hitsa.de'),
    (35, 1, 'https://www.hnisch.de'),
    (35, 5, 'https://www.nish.de'),
    (35, 17, 'https://www.agish.de'),
    (35, 18, 'https://www.iitsh.de'),
    (36, 4, 'https://www.itsh-handwerk.de'),
    (36, 6, 'https://www.bhits.de'),
    (36, 10, 'https://www.idhs.de'),
    (36, 12, 'https://www.hkds.de'),
    (37, 2, 'https://www.rvish.de'),
    (37, 3, 'https://www.acsh.de'),
    (37, 11, 'https://www.hcs.de'),
    (37, 20, 'https://www.hid.de'),
    (38, 1, 'https://www.hnisch.de'),
    (38, 9, 'https://www.vdhs.de'),
    (38, 17, 'https://www.agish.de'),
    (39, 2, 'https://www.rvish.de'),
    (39, 4, 'https://www.itsh-handwerk.de'),
    (39, 12, 'https://www.hkds.de'),
    (39, 15, 'https://www.hvid.de'),
    (40, 15, 'https://www.hvid.de'),
    (40, 17, 'https://www.agish.de');

INSERT INTO support_offer_topics (offer_id, topic_id)
VALUES
    (1, 1),
    (1, 2),
    (21, 2),
    (27, 2),
    (1, 3),
    (1, 4),
    (2, 5),
    (2, 6),
    (40, 6),
    (2, 7),
    (40, 7),
    (2, 8),
    (2, 9),
    (40, 9),
    (3, 10),
    (23, 10),
    (3, 11),
    (5, 11),
    (12, 11),
    (14, 11),
    (33, 11),
    (3, 12),
    (3, 13),
    (12, 13),
    (19, 13),
    (25, 13),
    (31, 13),
    (33, 13),
    (38, 13),
    (3, 14),
    (23, 14),
    (4, 15),
    (4, 16),
    (4, 17),
    (13, 17),
    (4, 18),
    (4, 19),
    (5, 20),
    (5, 21),
    (5, 22),
    (6, 22),
    (19, 22),
    (22, 22),
    (25, 22),
    (33, 22),
    (38, 22),
    (5, 23),
    (6, 24),
    (6, 25),
    (25, 25),
    (6, 26),
    (6, 27),
    (7, 28),
    (7, 29),
    (26, 29),
    (7, 30),
    (26, 30),
    (7, 31),
    (7, 32),
    (26, 32),
    (8, 33),
    (28, 33),
    (8, 34),
    (28, 34),
    (8, 35),
    (28, 35),
    (8, 36),
    (16, 36),
    (8, 37),
    (28, 37),
    (9, 38),
    (9, 39),
    (9, 40),
    (31, 40),
    (9, 41),
    (17, 41),
    (31, 41),
    (9, 42),
    (10, 43),
    (10, 44),
    (15, 44),
    (18, 44),
    (32, 44),
    (35, 44),
    (10, 45),
    (32, 45),
    (10, 46),
    (10, 47),
    (11, 48),
    (11, 49),
    (16, 49),
    (11, 50),
    (11, 51),
    (11, 52),
    (12, 53),
    (33, 53),
    (12, 54),
    (33, 54),
    (12, 55),
    (13, 56),
    (34, 56),
    (13, 57),
    (34, 57),
    (13, 58),
    (34, 58),
    (13, 59),
    (34, 59),
    (14, 60),
    (14, 61),
    (14, 62),
    (18, 62),
    (35, 62),
    (14, 63),
    (15, 64),
    (36, 64),
    (15, 65),
    (27, 65),
    (36, 65),
    (15, 66),
    (15, 67),
    (16, 68),
    (16, 69),
    (16, 70),
    (17, 71),
    (37, 71),
    (17, 72),
    (37, 72),
    (17, 73),
    (37, 73),
    (17, 74),
    (37, 74),
    (18, 75),
    (35, 75),
    (18, 76),
    (23, 76),
    (35, 76),
    (18, 77),
    (35, 77),
    (19, 78),
    (22, 78),
    (38, 78),
    (19, 79),
    (22, 79),
    (38, 79),
    (19, 80),
    (38, 80),
    (20, 81),
    (39, 81),
    (20, 82),
    (39, 82),
    (20, 83),
    (39, 83),
    (20, 84),
    (39, 84),
    (20, 85),
    (39, 85),
    (21, 86),
    (24, 86),
    (21, 87),
    (22, 88),
    (22, 89),
    (23, 90),
    (23, 91),
    (24, 92),
    (24, 93),
    (36, 93),
    (24, 94),
    (30, 94),
    (36, 94),
    (24, 95),
    (25, 96),
    (25, 97),
    (26, 98),
    (26, 99),
    (27, 100),
    (27, 101),
    (27, 102),
    (28, 103),
    (29, 104),
    (29, 105),
    (29, 106),
    (29, 107),
    (29, 108),
    (30, 109),
    (30, 110),
    (30, 111),
    (30, 112),
    (31, 113),
    (31, 114),
    (37, 114),
    (32, 115),
    (32, 116),
    (32, 117),
    (34, 118),
    (36, 119),
    (40, 119),
    (40, 120);
